,InvoiceNo,StockCode,Name,Description,Quantity,InvoiceDate,UnitPrice,CustomerID,Picture
0,536365,85123A,white hanging heart tlight holder,WHITE HANGING HEART T-LIGHT HOLDER,6,01-12-2010 08:26,102,17850,https://storage.googleapis.com/online-gift-store-bb0d8.appspot.com/products/white%20hanging%20heart%20tlight%20holder/Image_1.jpg
1,536365,71053,white metal lantern,WHITE METAL LANTERN,6,01-12-2010 08:26,103,17850,https://storage.googleapis.com/online-gift-store-bb0d8.appspot.com/products/white%20metal%20lantern/Image_1.jpg
2,536365,84406B,cream cupid hearts coat hanger,CREAM CUPID HEARTS COAT HANGER,8,01-12-2010 08:26,102,17850,https://storage.googleapis.com/online-gift-store-bb0d8.appspot.com/products/cream%20cupid%20hearts%20coat%20hanger/Image_1.jpg
3,536365,84029G,knitted union flag hot water bottle,KNITTED UNION FLAG HOT WATER BOTTLE,6,01-12-2010 08:26,103,17850,https://storage.googleapis.com/online-gift-store-bb0d8.appspot.com/products/knitted%20union%20flag%20hot%20water%20bottle/Image_1.jpg
4,536365,84029E,red woolly hottie white heart,RED WOOLLY HOTTIE WHITE HEART.,6,01-12-2010 08:26,103,17850,https://storage.googleapis.com/online-gift-store-bb0d8.appspot.com/products/red%20woolly%20hottie%20white%20heart/Image_1.jpg
5,536365,22752,set  babushka nesting boxes,SET 7 BABUSHKA NESTING BOXES,2,01-12-2010 08:26,107,17850,https://storage.googleapis.com/online-gift-store-bb0d8.appspot.com/products/set%20%20babushka%20nesting%20boxes/Image_1.jpg
6,536365,21730,glass star frosted tlight holder,GLASS STAR FROSTED T-LIGHT HOLDER,6,01-12-2010 08:26,104,17850,https://storage.googleapis.com/online-gift-store-bb0d8.appspot.com/products/glass%20star%20frosted%20tlight%20holder/Image_1.jpg
7,536366,22633,hand warmer union jack,HAND WARMER UNION JACK,6,01-12-2010 08:28,101,17850,https://storage.googleapis.com/online-gift-store-bb0d8.appspot.com/products/hand%20warmer%20union%20jack/Image_1.jpg
8,536366,22632,hand warmer red polka dot,HAND WARMER RED POLKA DOT,6,01-12-2010 08:28,101,17850,https://storage.googleapis.com/online-gift-store-bb0d8.appspot.com/products/hand%20warmer%20red%20polka%20dot/Image_1.jpg
9,536367,84879,assorted colour bird ornament,ASSORTED COLOUR BIRD ORNAMENT,32,01-12-2010 08:34,101,13047,https://storage.googleapis.com/online-gift-store-bb0d8.appspot.com/products/assorted%20colour%20bird%20ornament/Image_1.jpg
10,536367,22745,poppys playhouse bedroom ,POPPY'S PLAYHOUSE BEDROOM,6,01-12-2010 08:34,102,13047,https://storage.googleapis.com/online-gift-store-bb0d8.appspot.com/products/poppys%20playhouse%20bedroom/Image_1.jpg
11,536367,22748,poppys playhouse kitchen,POPPY'S PLAYHOUSE KITCHEN,6,01-12-2010 08:34,102,13047,https://storage.googleapis.com/online-gift-store-bb0d8.appspot.com/products/poppys%20playhouse%20kitchen/Image_1.jpg
12,536367,22749,feltcraft princess charlotte doll,FELTCRAFT PRINCESS CHARLOTTE DOLL,8,01-12-2010 08:34,103,13047,https://storage.googleapis.com/online-gift-store-bb0d8.appspot.com/products/feltcraft%20princess%20charlotte%20doll/Image_1.jpg
13,536367,22310,ivory knitted mug cosy ,IVORY KNITTED MUG COSY,6,01-12-2010 08:34,101,13047,https://storage.googleapis.com/online-gift-store-bb0d8.appspot.com/products/ivory%20knitted%20mug%20cosy/Image_1.jpg
14,536367,84969,box of  assorted colour teaspoons,BOX OF 6 ASSORTED COLOUR TEASPOONS,6,01-12-2010 08:34,104,13047,https://storage.googleapis.com/online-gift-store-bb0d8.appspot.com/products/box%20of%20%20assorted%20colour%20teaspoons/Image_1.jpg
15,536367,22623,box of vintage jigsaw blocks ,BOX OF VINTAGE JIGSAW BLOCKS,3,01-12-2010 08:34,104,13047,https://storage.googleapis.com/online-gift-store-bb0d8.appspot.com/products/box%20of%20vintage%20jigsaw%20blocks/Image_1.jpg
16,536367,22622,box of vintage alphabet blocks,BOX OF VINTAGE ALPHABET BLOCKS,2,01-12-2010 08:34,109,13047,https://storage.googleapis.com/online-gift-store-bb0d8.appspot.com/products/box%20of%20vintage%20alphabet%20blocks/Image_1.jpg
17,536367,21754,home building block word,HOME BUILDING BLOCK WORD,3,01-12-2010 08:34,105,13047,https://storage.googleapis.com/online-gift-store-bb0d8.appspot.com/products/home%20building%20block%20word/Image_1.jpg
18,536367,21755,love building block word,LOVE BUILDING BLOCK WORD,3,01-12-2010 08:34,105,13047,https://storage.googleapis.com/online-gift-store-bb0d8.appspot.com/products/love%20building%20block%20word/Image_1.jpg
19,536367,21777,recipe box with metal heart,RECIPE BOX WITH METAL HEART,4,01-12-2010 08:34,107,13047,https://storage.googleapis.com/online-gift-store-bb0d8.appspot.com/products/recipe%20box%20with%20metal%20heart/Image_1.jpg
20,536367,48187,doormat new england,DOORMAT NEW ENGLAND,4,01-12-2010 08:34,107,13047,https://storage.googleapis.com/online-gift-store-bb0d8.appspot.com/products/doormat%20new%20england/Image_1.jpg
21,536368,22960,jam making set with jars,JAM MAKING SET WITH JARS,6,01-12-2010 08:34,104,13047,https://storage.googleapis.com/online-gift-store-bb0d8.appspot.com/products/jam%20making%20set%20with%20jars/Image_1.jpg
22,536368,22913,red coat rack paris fashion,RED COAT RACK PARIS FASHION,3,01-12-2010 08:34,104,13047,https://storage.googleapis.com/online-gift-store-bb0d8.appspot.com/products/red%20coat%20rack%20paris%20fashion/Image_1.jpg
23,536368,22912,yellow coat rack paris fashion,YELLOW COAT RACK PARIS FASHION,3,01-12-2010 08:34,104,13047,https://storage.googleapis.com/online-gift-store-bb0d8.appspot.com/products/yellow%20coat%20rack%20paris%20fashion/Image_1.jpg
24,536368,22914,blue coat rack paris fashion,BLUE COAT RACK PARIS FASHION,3,01-12-2010 08:34,104,13047,https://storage.googleapis.com/online-gift-store-bb0d8.appspot.com/products/blue%20coat%20rack%20paris%20fashion/Image_1.jpg
25,536369,21756,bath building block word,BATH BUILDING BLOCK WORD,3,01-12-2010 08:35,105,13047,https://storage.googleapis.com/online-gift-store-bb0d8.appspot.com/products/bath%20building%20block%20word/Image_1.jpg
26,536370,22728,alarm clock bakelike pink,ALARM CLOCK BAKELIKE PINK,24,01-12-2010 08:45,103,12583,https://storage.googleapis.com/online-gift-store-bb0d8.appspot.com/products/alarm%20clock%20bakelike%20pink/Image_1.jpg
27,536370,22727,alarm clock bakelike red ,ALARM CLOCK BAKELIKE RED,24,01-12-2010 08:45,103,12583,https://storage.googleapis.com/online-gift-store-bb0d8.appspot.com/products/alarm%20clock%20bakelike%20red/Image_1.jpg
28,536370,22726,alarm clock bakelike green,ALARM CLOCK BAKELIKE GREEN,12,01-12-2010 08:45,103,12583,https://storage.googleapis.com/online-gift-store-bb0d8.appspot.com/products/alarm%20clock%20bakelike%20green/Image_1.jpg
32,536370,21791,vintage heads and tails card game ,VINTAGE HEADS AND TAILS CARD GAME,24,01-12-2010 08:45,101,12583,https://storage.googleapis.com/online-gift-store-bb0d8.appspot.com/products/vintage%20heads%20and%20tails%20card%20game/Image_1.jpg
33,536370,21035,set red retrospot tea towels ,SET/2 RED RETROSPOT TEA TOWELS,18,01-12-2010 08:45,102,12583,https://storage.googleapis.com/online-gift-store-bb0d8.appspot.com/products/set%20red%20retrospot%20tea%20towels/Image_1.jpg
34,536370,22326,round snack boxes set of woodland ,ROUND SNACK BOXES SET OF4 WOODLAND,24,01-12-2010 08:45,102,12583,https://storage.googleapis.com/online-gift-store-bb0d8.appspot.com/products/round%20snack%20boxes%20set%20of%20woodland/Image_1.jpg
35,536370,22629,spaceboy lunch box ,SPACEBOY LUNCH BOX,24,01-12-2010 08:45,101,12583,https://storage.googleapis.com/online-gift-store-bb0d8.appspot.com/products/spaceboy%20lunch%20box/Image_1.jpg
36,536370,22659,lunch box i love london,LUNCH BOX I LOVE LONDON,24,01-12-2010 08:45,101,12583,https://storage.googleapis.com/online-gift-store-bb0d8.appspot.com/products/lunch%20box%20i%20love%20london/Image_1.jpg
37,536370,22631,circus parade lunch box ,CIRCUS PARADE LUNCH BOX,24,01-12-2010 08:45,101,12583,https://storage.googleapis.com/online-gift-store-bb0d8.appspot.com/products/circus%20parade%20lunch%20box/Image_1.jpg
39,536370,21731,red toadstool led night light,RED TOADSTOOL LED NIGHT LIGHT,24,01-12-2010 08:45,101,12583,https://storage.googleapis.com/online-gift-store-bb0d8.appspot.com/products/red%20toadstool%20led%20night%20light/Image_1.jpg
40,536370,22900, set  tea towels i love london ,SET 2 TEA TOWELS I LOVE LONDON,24,01-12-2010 08:45,102,12583,https://storage.googleapis.com/online-gift-store-bb0d8.appspot.com/products/set%20%20tea%20towels%20i%20love%20london/Image_1.jpg
41,536370,21913,vintage seaside jigsaw puzzles,VINTAGE SEASIDE JIGSAW PUZZLES,12,01-12-2010 08:45,103,12583,https://storage.googleapis.com/online-gift-store-bb0d8.appspot.com/products/vintage%20seaside%20jigsaw%20puzzles/Image_1.jpg
45,536370,POST,postage,POSTAGE,3,01-12-2010 08:45,118,12583,https://storage.googleapis.com/online-gift-store-bb0d8.appspot.com/products/postage/Image_1.jpg
46,536371,22086,paper chain kit s christmas ,PAPER CHAIN KIT 50'S CHRISTMAS,80,01-12-2010 09:00,102,13748,https://storage.googleapis.com/online-gift-store-bb0d8.appspot.com/products/paper%20chain%20kit%20s%20christmas/Image_1.jpg
47,536372,22632,hand warmer red polka dot,HAND WARMER RED POLKA DOT,6,01-12-2010 09:01,101,17850,https://storage.googleapis.com/online-gift-store-bb0d8.appspot.com/products/hand%20warmer%20red%20polka%20dot/Image_1.jpg
48,536372,22633,hand warmer union jack,HAND WARMER UNION JACK,6,01-12-2010 09:01,101,17850,https://storage.googleapis.com/online-gift-store-bb0d8.appspot.com/products/hand%20warmer%20union%20jack/Image_1.jpg
49,536373,85123A,white hanging heart tlight holder,WHITE HANGING HEART T-LIGHT HOLDER,6,01-12-2010 09:02,102,17850,https://storage.googleapis.com/online-gift-store-bb0d8.appspot.com/products/white%20hanging%20heart%20tlight%20holder/Image_1.jpg
50,536373,71053,white metal lantern,WHITE METAL LANTERN,6,01-12-2010 09:02,103,17850,https://storage.googleapis.com/online-gift-store-bb0d8.appspot.com/products/white%20metal%20lantern/Image_1.jpg
51,536373,84406B,cream cupid hearts coat hanger,CREAM CUPID HEARTS COAT HANGER,8,01-12-2010 09:02,102,17850,https://storage.googleapis.com/online-gift-store-bb0d8.appspot.com/products/cream%20cupid%20hearts%20coat%20hanger/Image_1.jpg
52,536373,20679,edwardian parasol red,EDWARDIAN PARASOL RED,6,01-12-2010 09:02,104,17850,https://storage.googleapis.com/online-gift-store-bb0d8.appspot.com/products/edwardian%20parasol%20red/Image_1.jpg
53,536373,37370,retro coffee mugs assorted,RETRO COFFEE MUGS ASSORTED,6,01-12-2010 09:02,101,17850,https://storage.googleapis.com/online-gift-store-bb0d8.appspot.com/products/retro%20coffee%20mugs%20assorted/Image_1.jpg
54,536373,21871,save the planet mug,SAVE THE PLANET MUG,6,01-12-2010 09:02,101,17850,https://storage.googleapis.com/online-gift-store-bb0d8.appspot.com/products/save%20the%20planet%20mug/Image_1.jpg
55,536373,21071,vintage billboard drink me mug,VINTAGE BILLBOARD DRINK ME MUG,6,01-12-2010 09:02,101,17850,https://storage.googleapis.com/online-gift-store-bb0d8.appspot.com/products/vintage%20billboard%20drink%20me%20mug/Image_1.jpg
56,536373,21068,vintage billboard lovehate mug,VINTAGE BILLBOARD LOVE/HATE MUG,6,01-12-2010 09:02,101,17850,https://storage.googleapis.com/online-gift-store-bb0d8.appspot.com/products/vintage%20billboard%20lovehate%20mug/Image_1.jpg
57,536373,82483,wood  drawer cabinet white finish,WOOD 2 DRAWER CABINET WHITE FINISH,2,01-12-2010 09:02,104,17850,https://storage.googleapis.com/online-gift-store-bb0d8.appspot.com/products/wood%20%20drawer%20cabinet%20white%20finish/Image_1.jpg
58,536373,82486,wood s cabinet ant white finish,WOOD S/3 CABINET ANT WHITE FINISH,4,01-12-2010 09:02,106,17850,https://storage.googleapis.com/online-gift-store-bb0d8.appspot.com/products/wood%20s%20cabinet%20ant%20white%20finish/Image_1.jpg
59,536373,82482,wooden picture frame white finish,WOODEN PICTURE FRAME WHITE FINISH,6,01-12-2010 09:02,102,17850,https://storage.googleapis.com/online-gift-store-bb0d8.appspot.com/products/wooden%20picture%20frame%20white%20finish/Image_1.jpg
60,536373,82494L,wooden frame antique white ,WOODEN FRAME ANTIQUE WHITE,6,01-12-2010 09:02,102,17850,https://storage.googleapis.com/online-gift-store-bb0d8.appspot.com/products/wooden%20frame%20antique%20white/Image_1.jpg
61,536373,84029G,knitted union flag hot water bottle,KNITTED UNION FLAG HOT WATER BOTTLE,6,01-12-2010 09:02,103,17850,https://storage.googleapis.com/online-gift-store-bb0d8.appspot.com/products/knitted%20union%20flag%20hot%20water%20bottle/Image_1.jpg
62,536373,84029E,red woolly hottie white heart,RED WOOLLY HOTTIE WHITE HEART.,6,01-12-2010 09:02,103,17850,https://storage.googleapis.com/online-gift-store-bb0d8.appspot.com/products/red%20woolly%20hottie%20white%20heart/Image_1.jpg
63,536373,22752,set  babushka nesting boxes,SET 7 BABUSHKA NESTING BOXES,2,01-12-2010 09:02,107,17850,https://storage.googleapis.com/online-gift-store-bb0d8.appspot.com/products/set%20%20babushka%20nesting%20boxes/Image_1.jpg
64,536373,21730,glass star frosted tlight holder,GLASS STAR FROSTED T-LIGHT HOLDER,6,01-12-2010 09:02,104,17850,https://storage.googleapis.com/online-gift-store-bb0d8.appspot.com/products/glass%20star%20frosted%20tlight%20holder/Image_1.jpg
65,536374,21258,victorian sewing box large,VICTORIAN SEWING BOX LARGE,32,01-12-2010 09:09,110,15100,https://storage.googleapis.com/online-gift-store-bb0d8.appspot.com/products/victorian%20sewing%20box%20large/Image_1.jpg
66,536375,85123A,white hanging heart tlight holder,WHITE HANGING HEART T-LIGHT HOLDER,6,01-12-2010 09:32,102,17850,https://storage.googleapis.com/online-gift-store-bb0d8.appspot.com/products/white%20hanging%20heart%20tlight%20holder/Image_1.jpg
67,536375,71053,white metal lantern,WHITE METAL LANTERN,6,01-12-2010 09:32,103,17850,https://storage.googleapis.com/online-gift-store-bb0d8.appspot.com/products/white%20metal%20lantern/Image_1.jpg
68,536375,84406B,cream cupid hearts coat hanger,CREAM CUPID HEARTS COAT HANGER,8,01-12-2010 09:32,102,17850,https://storage.googleapis.com/online-gift-store-bb0d8.appspot.com/products/cream%20cupid%20hearts%20coat%20hanger/Image_1.jpg
69,536375,20679,edwardian parasol red,EDWARDIAN PARASOL RED,6,01-12-2010 09:32,104,17850,https://storage.googleapis.com/online-gift-store-bb0d8.appspot.com/products/edwardian%20parasol%20red/Image_1.jpg
70,536375,37370,retro coffee mugs assorted,RETRO COFFEE MUGS ASSORTED,6,01-12-2010 09:32,101,17850,https://storage.googleapis.com/online-gift-store-bb0d8.appspot.com/products/retro%20coffee%20mugs%20assorted/Image_1.jpg
71,536375,21871,save the planet mug,SAVE THE PLANET MUG,6,01-12-2010 09:32,101,17850,https://storage.googleapis.com/online-gift-store-bb0d8.appspot.com/products/save%20the%20planet%20mug/Image_1.jpg
72,536375,21071,vintage billboard drink me mug,VINTAGE BILLBOARD DRINK ME MUG,6,01-12-2010 09:32,101,17850,https://storage.googleapis.com/online-gift-store-bb0d8.appspot.com/products/vintage%20billboard%20drink%20me%20mug/Image_1.jpg
73,536375,21068,vintage billboard lovehate mug,VINTAGE BILLBOARD LOVE/HATE MUG,6,01-12-2010 09:32,101,17850,https://storage.googleapis.com/online-gift-store-bb0d8.appspot.com/products/vintage%20billboard%20lovehate%20mug/Image_1.jpg
74,536375,82483,wood  drawer cabinet white finish,WOOD 2 DRAWER CABINET WHITE FINISH,2,01-12-2010 09:32,104,17850,https://storage.googleapis.com/online-gift-store-bb0d8.appspot.com/products/wood%20%20drawer%20cabinet%20white%20finish/Image_1.jpg
75,536375,82486,wood s cabinet ant white finish,WOOD S/3 CABINET ANT WHITE FINISH,4,01-12-2010 09:32,106,17850,https://storage.googleapis.com/online-gift-store-bb0d8.appspot.com/products/wood%20s%20cabinet%20ant%20white%20finish/Image_1.jpg
76,536375,82482,wooden picture frame white finish,WOODEN PICTURE FRAME WHITE FINISH,6,01-12-2010 09:32,102,17850,https://storage.googleapis.com/online-gift-store-bb0d8.appspot.com/products/wooden%20picture%20frame%20white%20finish/Image_1.jpg
77,536375,82494L,wooden frame antique white ,WOODEN FRAME ANTIQUE WHITE,6,01-12-2010 09:32,102,17850,https://storage.googleapis.com/online-gift-store-bb0d8.appspot.com/products/wooden%20frame%20antique%20white/Image_1.jpg
78,536375,84029G,knitted union flag hot water bottle,KNITTED UNION FLAG HOT WATER BOTTLE,6,01-12-2010 09:32,103,17850,https://storage.googleapis.com/online-gift-store-bb0d8.appspot.com/products/knitted%20union%20flag%20hot%20water%20bottle/Image_1.jpg
79,536375,84029E,red woolly hottie white heart,RED WOOLLY HOTTIE WHITE HEART.,6,01-12-2010 09:32,103,17850,https://storage.googleapis.com/online-gift-store-bb0d8.appspot.com/products/red%20woolly%20hottie%20white%20heart/Image_1.jpg
80,536375,22752,set  babushka nesting boxes,SET 7 BABUSHKA NESTING BOXES,2,01-12-2010 09:32,107,17850,https://storage.googleapis.com/online-gift-store-bb0d8.appspot.com/products/set%20%20babushka%20nesting%20boxes/Image_1.jpg
81,536375,21730,glass star frosted tlight holder,GLASS STAR FROSTED T-LIGHT HOLDER,6,01-12-2010 09:32,104,17850,https://storage.googleapis.com/online-gift-store-bb0d8.appspot.com/products/glass%20star%20frosted%20tlight%20holder/Image_1.jpg
82,536376,22114,hot water bottle tea and sympathy,HOT WATER BOTTLE TEA AND SYMPATHY,48,01-12-2010 09:32,103,15291,https://storage.googleapis.com/online-gift-store-bb0d8.appspot.com/products/hot%20water%20bottle%20tea%20and%20sympathy/Image_1.jpg
83,536376,21733,red hanging heart tlight holder,RED HANGING HEART T-LIGHT HOLDER,64,01-12-2010 09:32,102,15291,https://storage.googleapis.com/online-gift-store-bb0d8.appspot.com/products/red%20hanging%20heart%20tlight%20holder/Image_1.jpg
84,536377,22632,hand warmer red polka dot,HAND WARMER RED POLKA DOT,6,01-12-2010 09:34,101,17850,https://storage.googleapis.com/online-gift-store-bb0d8.appspot.com/products/hand%20warmer%20red%20polka%20dot/Image_1.jpg
85,536377,22633,hand warmer union jack,HAND WARMER UNION JACK,6,01-12-2010 09:34,101,17850,https://storage.googleapis.com/online-gift-store-bb0d8.appspot.com/products/hand%20warmer%20union%20jack/Image_1.jpg
86,536378,22386,jumbo bag pink polkadot,JUMBO BAG PINK POLKADOT,10,01-12-2010 09:37,101,14688,https://storage.googleapis.com/online-gift-store-bb0d8.appspot.com/products/jumbo%20bag%20pink%20polkadot/Image_1.jpg
87,536378,85099C,jumbo  bag baroque black white,JUMBO  BAG BAROQUE BLACK WHITE,10,01-12-2010 09:37,101,14688,https://storage.googleapis.com/online-gift-store-bb0d8.appspot.com/products/jumbo%20%20bag%20baroque%20black%20white/Image_1.jpg
88,536378,21033,jumbo bag charlie and lola toys,JUMBO BAG CHARLIE AND LOLA TOYS,10,01-12-2010 09:37,102,14688,https://storage.googleapis.com/online-gift-store-bb0d8.appspot.com/products/jumbo%20bag%20charlie%20and%20lola%20toys/Image_1.jpg
90,536378,84997B,red  piece retrospot cutlery set,RED 3 PIECE RETROSPOT CUTLERY SET,12,01-12-2010 09:37,103,14688,https://storage.googleapis.com/online-gift-store-bb0d8.appspot.com/products/red%20%20piece%20retrospot%20cutlery%20set/Image_1.jpg
91,536378,84997C,blue  piece polkadot cutlery set,BLUE 3 PIECE POLKADOT CUTLERY SET,6,01-12-2010 09:37,103,14688,https://storage.googleapis.com/online-gift-store-bb0d8.appspot.com/products/blue%20%20piece%20polkadot%20cutlery%20set/Image_1.jpg
93,536378,20725,lunch bag red retrospot,LUNCH BAG RED RETROSPOT,10,01-12-2010 09:37,101,14688,https://storage.googleapis.com/online-gift-store-bb0d8.appspot.com/products/lunch%20bag%20red%20retrospot/Image_1.jpg
94,536378,21559,strawberry lunch box with cutlery,STRAWBERRY LUNCH BOX WITH CUTLERY,6,01-12-2010 09:37,102,14688,https://storage.googleapis.com/online-gift-store-bb0d8.appspot.com/products/strawberry%20lunch%20box%20with%20cutlery/Image_1.jpg
95,536378,22352,lunch box with cutlery retrospot ,LUNCH BOX WITH CUTLERY RETROSPOT,6,01-12-2010 09:37,102,14688,https://storage.googleapis.com/online-gift-store-bb0d8.appspot.com/products/lunch%20box%20with%20cutlery%20retrospot/Image_1.jpg
100,536378,84519A,tomato charlielola coaster set,TOMATO CHARLIE+LOLA COASTER SET,6,01-12-2010 09:37,102,14688,https://storage.googleapis.com/online-gift-store-bb0d8.appspot.com/products/tomato%20charlielola%20coaster%20set/Image_1.jpg
101,536378,85183B,charlie  lola wastepaper bin flora,CHARLIE & LOLA WASTEPAPER BIN FLORA,48,01-12-2010 09:37,101,14688,https://storage.googleapis.com/online-gift-store-bb0d8.appspot.com/products/charlie%20%20lola%20wastepaper%20bin%20flora/Image_1.jpg
103,536378,21931,jumbo storage bag suki,JUMBO STORAGE BAG SUKI,10,01-12-2010 09:37,101,14688,https://storage.googleapis.com/online-gift-store-bb0d8.appspot.com/products/jumbo%20storage%20bag%20suki/Image_1.jpg
104,536378,21929,jumbo bag pink vintage paisley,JUMBO BAG PINK VINTAGE PAISLEY,10,01-12-2010 09:37,101,14688,https://storage.googleapis.com/online-gift-store-bb0d8.appspot.com/products/jumbo%20bag%20pink%20vintage%20paisley/Image_1.jpg
105,536380,22961,jam making set printed,JAM MAKING SET PRINTED,24,01-12-2010 09:41,101,17809,https://storage.googleapis.com/online-gift-store-bb0d8.appspot.com/products/jam%20making%20set%20printed/Image_1.jpg
106,536381,22139,retrospot tea set ceramic  pc ,RETROSPOT TEA SET CERAMIC 11 PC,23,01-12-2010 09:41,104,15311,https://storage.googleapis.com/online-gift-store-bb0d8.appspot.com/products/retrospot%20tea%20set%20ceramic%20%20pc/Image_1.jpg
107,536381,84854,girly pink tool set,GIRLY PINK TOOL SET,5,01-12-2010 09:41,104,15311,https://storage.googleapis.com/online-gift-store-bb0d8.appspot.com/products/girly%20pink%20tool%20set/Image_1.jpg
108,536381,22411,jumbo shopper vintage red paisley,JUMBO SHOPPER VINTAGE RED PAISLEY,10,01-12-2010 09:41,101,15311,https://storage.googleapis.com/online-gift-store-bb0d8.appspot.com/products/jumbo%20shopper%20vintage%20red%20paisley/Image_1.jpg
109,536381,82567,airline loungemetal sign,"AIRLINE LOUNGE,METAL SIGN",2,01-12-2010 09:41,102,15311,https://storage.googleapis.com/online-gift-store-bb0d8.appspot.com/products/airline%20loungemetal%20sign/Image_1.jpg
110,536381,21672,white spot red ceramic drawer knob,WHITE SPOT RED CERAMIC DRAWER KNOB,6,01-12-2010 09:41,101,15311,https://storage.googleapis.com/online-gift-store-bb0d8.appspot.com/products/white%20spot%20red%20ceramic%20drawer%20knob/Image_1.jpg
111,536381,22774,red drawer knob acrylic edwardian,RED DRAWER KNOB ACRYLIC EDWARDIAN,24,01-12-2010 09:41,101,15311,https://storage.googleapis.com/online-gift-store-bb0d8.appspot.com/products/red%20drawer%20knob%20acrylic%20edwardian/Image_1.jpg
112,536381,22771,clear drawer knob acrylic edwardian,CLEAR DRAWER KNOB ACRYLIC EDWARDIAN,24,01-12-2010 09:41,101,15311,https://storage.googleapis.com/online-gift-store-bb0d8.appspot.com/products/clear%20drawer%20knob%20acrylic%20edwardian/Image_1.jpg
113,536381,71270,photo clip line,PHOTO CLIP LINE,1,01-12-2010 09:41,101,15311,https://storage.googleapis.com/online-gift-store-bb0d8.appspot.com/products/photo%20clip%20line/Image_1.jpg
115,536381,22637,piggy bank retrospot ,PIGGY BANK RETROSPOT,1,01-12-2010 09:41,102,15311,https://storage.googleapis.com/online-gift-store-bb0d8.appspot.com/products/piggy%20bank%20retrospot/Image_1.jpg
116,536381,21934,skull shoulder bag,SKULL SHOULDER BAG,10,01-12-2010 09:41,101,15311,https://storage.googleapis.com/online-gift-store-bb0d8.appspot.com/products/skull%20shoulder%20bag/Image_1.jpg
117,536381,21169,youre confusing me metal sign ,YOU'RE CONFUSING ME METAL SIGN,3,01-12-2010 09:41,101,15311,https://storage.googleapis.com/online-gift-store-bb0d8.appspot.com/products/youre%20confusing%20me%20metal%20sign/Image_1.jpg
118,536381,21166,cook with wine metal sign ,COOK WITH WINE METAL SIGN,1,01-12-2010 09:41,101,15311,https://storage.googleapis.com/online-gift-store-bb0d8.appspot.com/products/cook%20with%20wine%20metal%20sign/Image_1.jpg
119,536381,21175,gin  tonic diet metal sign,GIN + TONIC DIET METAL SIGN,2,01-12-2010 09:41,102,15311,https://storage.googleapis.com/online-gift-store-bb0d8.appspot.com/products/gin%20%20tonic%20diet%20metal%20sign/Image_1.jpg
120,536381,37444A,yellow breakfast cup and saucer,YELLOW BREAKFAST CUP AND SAUCER,1,01-12-2010 09:41,102,15311,https://storage.googleapis.com/online-gift-store-bb0d8.appspot.com/products/yellow%20breakfast%20cup%20and%20saucer/Image_1.jpg
121,536381,37444C,pink breakfast cup and saucer ,PINK BREAKFAST CUP AND SAUCER,1,01-12-2010 09:41,102,15311,https://storage.googleapis.com/online-gift-store-bb0d8.appspot.com/products/pink%20breakfast%20cup%20and%20saucer/Image_1.jpg
122,536381,22086,paper chain kit s christmas ,PAPER CHAIN KIT 50'S CHRISTMAS,4,01-12-2010 09:41,102,15311,https://storage.googleapis.com/online-gift-store-bb0d8.appspot.com/products/paper%20chain%20kit%20s%20christmas/Image_1.jpg
123,536381,22083,paper chain kit retrospot,PAPER CHAIN KIT RETROSPOT,1,01-12-2010 09:41,102,15311,https://storage.googleapis.com/online-gift-store-bb0d8.appspot.com/products/paper%20chain%20kit%20retrospot/Image_1.jpg
125,536381,71270,photo clip line,PHOTO CLIP LINE,3,01-12-2010 09:41,101,15311,https://storage.googleapis.com/online-gift-store-bb0d8.appspot.com/products/photo%20clip%20line/Image_1.jpg
126,536381,47580,tea time des tea cosy,TEA TIME DES TEA COSY,2,01-12-2010 09:41,102,15311,https://storage.googleapis.com/online-gift-store-bb0d8.appspot.com/products/tea%20time%20des%20tea%20cosy/Image_1.jpg
129,536381,22644,ceramic cherry cake money bank,CERAMIC CHERRY CAKE MONEY BANK,1,01-12-2010 09:41,101,15311,https://storage.googleapis.com/online-gift-store-bb0d8.appspot.com/products/ceramic%20cherry%20cake%20money%20bank/Image_1.jpg
130,536381,21533,retrospot large milk jug,RETROSPOT LARGE MILK JUG,1,01-12-2010 09:41,104,15311,https://storage.googleapis.com/online-gift-store-bb0d8.appspot.com/products/retrospot%20large%20milk%20jug/Image_1.jpg
131,536381,21557,set of  funky beakers,SET OF 6 FUNKY BEAKERS,2,01-12-2010 09:41,102,15311,https://storage.googleapis.com/online-gift-store-bb0d8.appspot.com/products/set%20of%20%20funky%20beakers/Image_1.jpg
132,536381,15056BL,edwardian parasol black,EDWARDIAN PARASOL BLACK,2,01-12-2010 09:41,105,15311,https://storage.googleapis.com/online-gift-store-bb0d8.appspot.com/products/edwardian%20parasol%20black/Image_1.jpg
133,536381,15056N,edwardian parasol natural,EDWARDIAN PARASOL NATURAL,2,01-12-2010 09:41,105,15311,https://storage.googleapis.com/online-gift-store-bb0d8.appspot.com/products/edwardian%20parasol%20natural/Image_1.jpg
134,536381,22646,ceramic strawberry cake money bank,CERAMIC STRAWBERRY CAKE MONEY BANK,4,01-12-2010 09:41,101,15311,https://storage.googleapis.com/online-gift-store-bb0d8.appspot.com/products/ceramic%20strawberry%20cake%20money%20bank/Image_1.jpg
135,536381,22176,blue owl soft toy,BLUE OWL SOFT TOY,1,01-12-2010 09:41,102,15311,https://storage.googleapis.com/online-gift-store-bb0d8.appspot.com/products/blue%20owl%20soft%20toy/Image_1.jpg
136,536381,22438,balloon art make your own flowers,BALLOON ART MAKE YOUR OWN FLOWERS,1,01-12-2010 09:41,101,15311,https://storage.googleapis.com/online-gift-store-bb0d8.appspot.com/products/balloon%20art%20make%20your%20own%20flowers/Image_1.jpg
137,536381,21731,red toadstool led night light,RED TOADSTOOL LED NIGHT LIGHT,2,01-12-2010 09:41,101,15311,https://storage.googleapis.com/online-gift-store-bb0d8.appspot.com/products/red%20toadstool%20led%20night%20light/Image_1.jpg
138,536381,22778,glass cloche small,GLASS CLOCHE SMALL,3,01-12-2010 09:41,103,15311,https://storage.googleapis.com/online-gift-store-bb0d8.appspot.com/products/glass%20cloche%20small/Image_1.jpg
139,536381,22719,gumball monochrome coat rack,GUMBALL MONOCHROME COAT RACK,36,01-12-2010 09:41,101,15311,https://storage.googleapis.com/online-gift-store-bb0d8.appspot.com/products/gumball%20monochrome%20coat%20rack/Image_1.jpg
140,536381,21523,doormat fancy font home sweet home,DOORMAT FANCY FONT HOME SWEET HOME,10,01-12-2010 09:41,106,15311,https://storage.googleapis.com/online-gift-store-bb0d8.appspot.com/products/doormat%20fancy%20font%20home%20sweet%20home/Image_1.jpg
143,536382,21912,vintage snakes  ladders,VINTAGE SNAKES & LADDERS,8,01-12-2010 09:45,103,16098,https://storage.googleapis.com/online-gift-store-bb0d8.appspot.com/products/vintage%20snakes%20%20ladders/Image_1.jpg
144,536382,21832,chocolate calculator,CHOCOLATE CALCULATOR,12,01-12-2010 09:45,101,16098,https://storage.googleapis.com/online-gift-store-bb0d8.appspot.com/products/chocolate%20calculator/Image_1.jpg
145,536382,22411,jumbo shopper vintage red paisley,JUMBO SHOPPER VINTAGE RED PAISLEY,10,01-12-2010 09:45,101,16098,https://storage.googleapis.com/online-gift-store-bb0d8.appspot.com/products/jumbo%20shopper%20vintage%20red%20paisley/Image_1.jpg
146,536382,22379,recycling bag retrospot ,RECYCLING BAG RETROSPOT,10,01-12-2010 09:45,102,16098,https://storage.googleapis.com/online-gift-store-bb0d8.appspot.com/products/recycling%20bag%20retrospot/Image_1.jpg
147,536382,22381,toy tidy pink polkadot,TOY TIDY PINK POLKADOT,50,01-12-2010 09:45,101,16098,https://storage.googleapis.com/online-gift-store-bb0d8.appspot.com/products/toy%20tidy%20pink%20polkadot/Image_1.jpg
148,536382,22798,antique glass dressing table pot,ANTIQUE GLASS DRESSING TABLE POT,8,01-12-2010 09:45,102,16098,https://storage.googleapis.com/online-gift-store-bb0d8.appspot.com/products/antique%20glass%20dressing%20table%20pot/Image_1.jpg
149,536382,22726,alarm clock bakelike green,ALARM CLOCK BAKELIKE GREEN,4,01-12-2010 09:45,103,16098,https://storage.googleapis.com/online-gift-store-bb0d8.appspot.com/products/alarm%20clock%20bakelike%20green/Image_1.jpg
150,536382,22926,ivory giant garden thermometer,IVORY GIANT GARDEN THERMOMETER,12,01-12-2010 09:45,105,16098,https://storage.googleapis.com/online-gift-store-bb0d8.appspot.com/products/ivory%20giant%20garden%20thermometer/Image_1.jpg
151,536382,22839, tier cake tin green and cream,3 TIER CAKE TIN GREEN AND CREAM,2,01-12-2010 09:45,114,16098,https://storage.googleapis.com/online-gift-store-bb0d8.appspot.com/products/tier%20cake%20tin%20green%20and%20cream/Image_1.jpg
152,536382,22838, tier cake tin red and cream,3 TIER CAKE TIN RED AND CREAM,2,01-12-2010 09:45,114,16098,https://storage.googleapis.com/online-gift-store-bb0d8.appspot.com/products/tier%20cake%20tin%20red%20and%20cream/Image_1.jpg
153,536382,22783,set  wicker oval baskets w lids,SET 3 WICKER OVAL BASKETS W LIDS,4,01-12-2010 09:45,116,16098,https://storage.googleapis.com/online-gift-store-bb0d8.appspot.com/products/set%20%20wicker%20oval%20baskets%20w%20lids/Image_1.jpg
155,536384,82484,wood black board ant white finish,WOOD BLACK BOARD ANT WHITE FINISH,3,01-12-2010 09:53,106,18074,https://storage.googleapis.com/online-gift-store-bb0d8.appspot.com/products/wood%20black%20board%20ant%20white%20finish/Image_1.jpg
157,536384,22464,hanging metal heart lantern,HANGING METAL HEART LANTERN,12,01-12-2010 09:53,101,18074,https://storage.googleapis.com/online-gift-store-bb0d8.appspot.com/products/hanging%20metal%20heart%20lantern/Image_1.jpg
158,536384,21324,hanging medina lantern small,HANGING MEDINA LANTERN SMALL,6,01-12-2010 09:53,102,18074,https://storage.googleapis.com/online-gift-store-bb0d8.appspot.com/products/hanging%20medina%20lantern%20small/Image_1.jpg
159,536384,22457,natural slate heart chalkboard ,NATURAL SLATE HEART CHALKBOARD,12,01-12-2010 09:53,102,18074,https://storage.googleapis.com/online-gift-store-bb0d8.appspot.com/products/natural%20slate%20heart%20chalkboard/Image_1.jpg
160,536384,22469,heart of wicker small,HEART OF WICKER SMALL,40,01-12-2010 09:53,101,18074,https://storage.googleapis.com/online-gift-store-bb0d8.appspot.com/products/heart%20of%20wicker%20small/Image_1.jpg
161,536384,22470,heart of wicker large,HEART OF WICKER LARGE,40,01-12-2010 09:53,102,18074,https://storage.googleapis.com/online-gift-store-bb0d8.appspot.com/products/heart%20of%20wicker%20large/Image_1.jpg
162,536384,22224,white lovebird lantern,WHITE LOVEBIRD LANTERN,6,01-12-2010 09:53,102,18074,https://storage.googleapis.com/online-gift-store-bb0d8.appspot.com/products/white%20lovebird%20lantern/Image_1.jpg
163,536384,21340,classic metal birdcage plant holder,CLASSIC METAL BIRDCAGE PLANT HOLDER,2,01-12-2010 09:53,112,18074,https://storage.googleapis.com/online-gift-store-bb0d8.appspot.com/products/classic%20metal%20birdcage%20plant%20holder/Image_1.jpg
164,536384,22189,cream heart card holder,CREAM HEART CARD HOLDER,4,01-12-2010 09:53,103,18074,https://storage.googleapis.com/online-gift-store-bb0d8.appspot.com/products/cream%20heart%20card%20holder/Image_1.jpg
165,536384,22427,enamel flower jug cream,ENAMEL FLOWER JUG CREAM,3,01-12-2010 09:53,105,18074,https://storage.googleapis.com/online-gift-store-bb0d8.appspot.com/products/enamel%20flower%20jug%20cream/Image_1.jpg
166,536384,22428,enamel fire bucket cream,ENAMEL FIRE BUCKET CREAM,6,01-12-2010 09:53,106,18074,https://storage.googleapis.com/online-gift-store-bb0d8.appspot.com/products/enamel%20fire%20bucket%20cream/Image_1.jpg
167,536384,22424,enamel bread bin cream,ENAMEL BREAD BIN CREAM,8,01-12-2010 09:53,110,18074,https://storage.googleapis.com/online-gift-store-bb0d8.appspot.com/products/enamel%20bread%20bin%20cream/Image_1.jpg
168,536385,22783,set  wicker oval baskets w lids,SET 3 WICKER OVAL BASKETS W LIDS,1,01-12-2010 09:56,119,17420,https://storage.googleapis.com/online-gift-store-bb0d8.appspot.com/products/set%20%20wicker%20oval%20baskets%20w%20lids/Image_1.jpg
169,536385,22961,jam making set printed,JAM MAKING SET PRINTED,12,01-12-2010 09:56,101,17420,https://storage.googleapis.com/online-gift-store-bb0d8.appspot.com/products/jam%20making%20set%20printed/Image_1.jpg
170,536385,22960,jam making set with jars,JAM MAKING SET WITH JARS,6,01-12-2010 09:56,104,17420,https://storage.googleapis.com/online-gift-store-bb0d8.appspot.com/products/jam%20making%20set%20with%20jars/Image_1.jpg
